rank,term,raw_count_cc,doc_freq_cc,z_score_keyness,log_odds_ratio,bootstrap_ci_95
1,mujeres,3132,198,10.768,0.962,"[0.55853, 1.413218]"
2,laboral,1580,136,7.241,0.8754,"[0.375003, 1.456108]"
3,acoso,630,45,6.037,1.9733,"[0.889306, 3.362672]"
4,derecho,1141,190,5.508,0.7324,"[0.402916, 1.12787]"
5,sexual,1169,162,5.449,0.7075,"[0.174548, 1.329091]"
6,desplazamiento,534,51,5.284,1.4562,"[0.193565, 4.514678]"
7,salud,533,111,5.277,1.4543,"[0.735435, 2.722237]"
8,acceso,562,129,5.231,1.3066,"[0.718785, 2.180135]"
9,atención,559,110,5.118,1.2423,"[0.742662, 1.913808]"
10,violencia sexual,431,74,4.94,2.3407,"[1.282989, 4.269017]"
11,derechos,2200,231,4.73,0.3845,"[0.101383, 0.701935]"
12,personas,671,139,4.695,0.8693,"[0.477418, 1.389804]"
13,conflicto armado,373,58,4.621,1.8283,"[0.775895, 4.313095]"
14,armado,388,60,4.613,1.5994,"[0.657107, 3.431182]"
15,trabajo,689,103,4.532,0.8019,"[0.189058, 1.610182]"
