decision_year,total_docs,gender_docs,econ_strict_docs,econ_moderate_docs,econ_broad_docs,total_sentences,gender_sentences,econ_strict_sents,econ_moderate_sents,econ_broad_sents,prev_strict_doc,prev_mod_doc,rate_strict_sent_per_1k,rate_mod_sent_per_1k,rate_broad_sent_per_1k
1994.0,1,1,0,0,1,82,29,0,0,3,0.0,0.0,0.0,0.0,36.58536585365854
2001.0,1,1,0,0,1,242,75,0,0,8,0.0,0.0,0.0,0.0,33.057851239669425
2002.0,5,5,0,0,5,2066,443,0,0,34,0.0,0.0,0.0,0.0,16.456921587608907
2003.0,2,2,0,0,2,2248,360,0,0,20,0.0,0.0,0.0,0.0,8.896797153024911
2004.0,4,4,0,1,3,7619,1417,0,1,62,0.0,0.25,0.0,0.131250820317627,8.137550859692873
2005.0,2,2,0,0,2,2454,341,0,0,25,0.0,0.0,0.0,0.0,10.187449062754686
2006.0,1,1,0,0,0,11,1,0,0,0,0.0,0.0,0.0,0.0,0.0
2008.0,4,4,2,2,4,5485,2286,2,12,285,0.5,0.5,0.3646308113035552,2.187784867821331,51.95989061075661
2009.0,2,2,0,0,2,856,76,0,0,8,0.0,0.0,0.0,0.0,9.345794392523365
2010.0,5,5,0,1,5,2757,486,0,1,56,0.0,0.2,0.0,0.3627130939426913,20.311933260790717
2011.0,3,3,0,0,3,1152,324,0,0,30,0.0,0.0,0.0,0.0,26.041666666666668
2012.0,3,3,0,0,3,1261,254,0,0,15,0.0,0.0,0.0,0.0,11.895321173671688
2013.0,11,11,0,1,9,5599,1639,0,1,115,0.0,0.09090909090909091,0.0,0.1786033220217896,20.539382032505806
2014.0,9,9,3,4,8,4711,1373,8,11,122,0.3333333333333333,0.4444444444444444,1.6981532583315644,2.3349607302059012,25.896837189556358
2015.0,16,16,1,3,13,5615,1537,1,3,87,0.0625,0.1875,0.17809439002671418,0.5342831700801425,15.494211932324133
2016.0,19,19,1,5,18,14234,3112,3,8,276,0.05263157894736842,0.2631578947368421,0.2107629619221582,0.5620345651257552,19.39019249683856
2017.0,22,22,3,6,22,16104,2680,4,7,181,0.13636363636363635,0.2727272727272727,0.24838549428713363,0.43467461500248383,11.239443616492796
2018.0,17,17,1,1,14,24573,3687,1,1,306,0.058823529411764705,0.058823529411764705,0.04069507182680177,0.04069507182680177,12.452691979001344
2019.0,32,32,3,6,23,17283,3442,10,15,255,0.09375,0.1875,0.5786032517502748,0.8679048776254124,14.754382919632008
2020.0,57,57,6,12,35,29251,4076,43,51,439,0.10526315789473684,0.21052631578947367,1.4700352124713685,1.7435301357218558,15.008033913370484
2021.0,76,76,13,15,56,39479,6483,56,65,983,0.17105263157894737,0.19736842105263158,1.418475645279769,1.6464449454140175,24.899313559107373
2022.0,126,126,15,25,93,77275,11563,33,48,1052,0.11904761904761904,0.1984126984126984,0.42704626334519574,0.6211582012293756,13.613717243610482
2023.0,28,28,2,4,22,7031,1475,3,6,230,0.07142857142857142,0.14285714285714285,0.4266818375764472,0.8533636751528944,32.71227421419428
2024.0,4,4,0,2,4,330,82,0,2,12,0.0,0.5,0.0,6.0606060606060606,36.36363636363636
